ImageId,ContentType,Name
00000000-0000-0000-0000-000000000001,image/jpeg,bun-bo-hue.jpg
00000000-0000-0000-0000-000000000002,image/jpeg,pho.jpg
00000000-0000-0000-0000-000000000003,image/jpeg,banh-mi.jpg
00000000-0000-0000-0000-000000000004,image/jpeg,banh-xeo.jpg
00000000-0000-0000-0000-000000000005,image/jpeg,banh-canh.jpg
00000000-0000-0000-0000-000000000006,image/jpeg,banh-cuon.jpg
00000000-0000-0000-0000-000000000007,image/jpeg,com-chien.jpg
00000000-0000-0000-0000-000000000008,image/jpeg,bun-rieu.jpg
00000000-0000-0000-0000-000000000009,image/jpeg,bun-thit-nuong.jpg
00000000-0000-0000-0000-000000000010,image/jpeg,mi-xao.jpg
00000000-0000-0000-0000-000000000011,image/jpeg,dumplings.jpg
00000000-0000-0000-0000-000000000012,image/jpeg,bibim-guksu.jpg
00000000-0000-0000-0000-000000000013,image/jpeg,minestrone-soup.jpg
00000000-0000-0000-0000-000000000014,image/jpeg,french-onion-soup.jpg
00000000-0000-0000-0000-000000000015,image/jpeg,cheeseburger.jpg
00000000-0000-0000-0000-000000000016,image/jpeg,shawarma.jpg
00000000-0000-0000-0000-000000000017,image/jpeg,chow-mein.jpg
00000000-0000-0000-0000-000000000018,image/jpeg,samosa.jpg
00000000-0000-0000-0000-000000000019,image/jpeg,gyoza.jpg
00000000-0000-0000-0000-000000000020,image/jpeg,veggie-burger.jpg
00000000-0000-0000-0000-000000000021,image/jpeg,spring-rolls.jpg
00000000-0000-0000-0000-000000000022,image/jpeg,takoyaki.jpg
00000000-0000-0000-0000-000000000023,image/jpeg,tea.jpg
00000000-0000-0000-0000-000000000024,image/jpeg,seafood-pho.jpg
00000000-0000-0000-0000-000000000025,image/jpeg,steamed-rice-roll.jpg
00000000-0000-0000-0000-000000000026,image/jpeg,espresso.jpg
00000000-0000-0000-0000-000000000027,image/jpeg,yakitori.jpg
00000000-0000-0000-0000-000000000028,image/jpeg,smoothie.jpg
00000000-0000-0000-0000-000000000029,image/jpeg,pad-thai.jpg
00000000-0000-0000-0000-000000000030,image/jpeg,udon.jpg
00000000-0000-0000-0000-000000000031,image/jpeg,spaghetti-carbonara.jpg
00000000-0000-0000-0000-000000000032,image/jpeg,ramen.jpg
00000000-0000-0000-0000-000000000033,image/jpeg,chicken-biryani.jpg
00000000-0000-0000-0000-000000000034,image/jpeg,coconut-water.jpg
00000000-0000-0000-0000-000000000035,image/jpeg,lemonade.jpg
00000000-0000-0000-0000-000000000036,image/jpeg,chicken-satay.jpg
00000000-0000-0000-0000-000000000037,image/jpeg,milkshake.jpg
00000000-0000-0000-0000-000000000038,image/jpeg,bulgogi.jpg
00000000-0000-0000-0000-000000000039,image/jpeg,soba-noodles.jpg
00000000-0000-0000-0000-000000000040,image/jpeg,laksa.jpg